odai_image_url,odai_id
//d2dcan0armyq93.cloudfront.net/photo/odai/600/011d601d885cd85d6dfbdcc7be565a80_600.jpg,/odai/4108628
//d2dcan0armyq93.cloudfront.net/photo/odai/600/64ff1b5ef6f36748eb956e6192d7d110_600.jpg,/odai/4108061
//d2dcan0armyq93.cloudfront.net/photo/odai/600/5f02951946080d2efb394f1e97ed7cc2_600.jpg,/odai/4109955
//d2dcan0armyq93.cloudfront.net/photo/odai/600/12b0caf609c388ded8ed9b5f5bdc784d_600.jpg,/odai/4106920
//d2dcan0armyq93.cloudfront.net/photo/odai/600/364d5bb46e9727c3cc4a265e1947c70e_600.jpg,/odai/4109340
//d2dcan0armyq93.cloudfront.net/photo/odai/600/de78256f8650d7c60cb066ad0420eb4d_600.jpg,/odai/4111721
//d2dcan0armyq93.cloudfront.net/photo/odai/600/57511eeb865deeacae8f2c58e9e4c2b2_600.jpg,/odai/4109551
//d2dcan0armyq93.cloudfront.net/photo/odai/600/656594eb14450c68068520f91e9db74e_600.jpg,/odai/4107821
//d2dcan0armyq93.cloudfront.net/photo/odai/600/394af9fb8137b891340319b0e9bcb9e0_600.jpg,/odai/4110561
//d2dcan0armyq93.cloudfront.net/photo/odai/600/73660f2de820d9019d6bc7d42c21cb5a_600.jpg,/odai/4111053
//d2dcan0armyq93.cloudfront.net/photo/odai/600/f492a5f84d2164e2a1e982daee16feb5_600.jpg,/odai/4110031
//d2dcan0armyq93.cloudfront.net/photo/odai/600/a3148bb0621822d3ad5f9904830152bb_600.jpg,/odai/4110307
//d2dcan0armyq93.cloudfront.net/photo/odai/600/9841d22f548baaad944adc996516a1ce_600.jpg,/odai/4111336
//d2dcan0armyq93.cloudfront.net/photo/odai/600/c05b40fd0f6a4206081cb54325cd630d_600.jpg,/odai/4110073
//d2dcan0armyq93.cloudfront.net/photo/odai/600/c0c0ed4beaa950cd16bf23bee2179799_600.jpg,/odai/4110690
//d2dcan0armyq93.cloudfront.net/photo/odai/600/5b922ae3f94551da9f8ca2dd66c0b8c5_600.jpg,/odai/4109945
//d2dcan0armyq93.cloudfront.net/photo/odai/600/1306666705df7cb2a13924ec6f259e9d_600.jpg,/odai/4107984
//d2dcan0armyq93.cloudfront.net/photo/odai/600/39b7e1cc4f91e6ebc3d34970d62dfb3d_600.jpg,/odai/4107525
//d2dcan0armyq93.cloudfront.net/photo/odai/600/648cd8d245ad6aeb30014ff1a9f6f47d_600.jpg,/odai/4110628
//d2dcan0armyq93.cloudfront.net/photo/odai/600/e4f3bf51214b8407d2128cf85c6c01aa_600.jpg,/odai/4106465
//d2dcan0armyq93.cloudfront.net/photo/odai/600/0d963185821a6aac5fb6c613ebddc5de_600.jpg,/odai/4106700
//d2dcan0armyq93.cloudfront.net/photo/odai/600/e088af90b818c4f411e40bcb2c0a403d_600.jpg,/odai/4111570
//d2dcan0armyq93.cloudfront.net/photo/odai/600/3f355286d1ccc9087d864bdeac1b5a53_600.jpg,/odai/4107962
//d2dcan0armyq93.cloudfront.net/photo/odai/600/44cb796b3390826be45d8974c8e925a0_600.jpg,/odai/4108811
//d2dcan0armyq93.cloudfront.net/photo/odai/600/4a69bc4e611a9594044ae8a9db657c09_600.jpg,/odai/4108050
//d2dcan0armyq93.cloudfront.net/photo/odai/600/f444f638100ebb8e979d3fade945ed84_600.jpg,/odai/4109845
//d2dcan0armyq93.cloudfront.net/photo/odai/600/2185e7d3887f21c46b13ebf31b7931e7_600.jpg,/odai/4107386
//d2dcan0armyq93.cloudfront.net/photo/odai/600/d89420d1c616089f52763f51eda4d9fd_600.jpg,/odai/4109869
//d2dcan0armyq93.cloudfront.net/photo/odai/600/edd9dc676dfa537fb0c69ee3fc3323a5_600.jpg,/odai/4106979
//d2dcan0armyq93.cloudfront.net/photo/odai/600/557ef71f7e032944dda039f02f198aff_600.jpg,/odai/4109541
//d2dcan0armyq93.cloudfront.net/photo/odai/600/6b87c4c7e92d275634fc963b214e5b29_600.jpg,/odai/4110591
//d2dcan0armyq93.cloudfront.net/photo/odai/600/18b97dfaf7fb1b7df4014291ee7189fe_600.jpg,/odai/4107060
